medicineId,name,onlineUnits,onlineRevenue,offlineUnits,offlineRevenue,totalUnits,totalRevenue
6a6d96275baa8e1afb22b641,Aboros 20mg Tablet,87,23925.0,0,0.0,87,23925.0
6a6c993a227640b00f1062cd,Allegra-M Tablet,56,13522.88,0,0.0,56,13522.88
6a6d96295baa8e1afb22b850,CO Mupimet Collagen Particles,5,5360.0,0,0.0,5,5360.0
6a6d96295baa8e1afb22b88a,Eglucent Rapid 100IU/ml Kwikpen,5,5145.0,0,0.0,5,5145.0
6a6d96295baa8e1afb22b880,Eglucent Rapid 100IU/ml Solution for Injection,4,3600.0,0,0.0,4,3600.0
6a6c993a227640b00f1064c8,AB-Rozu 10 Tablet,24,3254.88,0,0.0,24,3254.88
6a6c993a227640b00f106623,Agedox 100mg Injection,6,3096.0,0,0.0,6,3096.0
6a6c993a227640b00f1065fc,Aconred 5 Injection,17,3094.0,0,0.0,17,3094.0
6a6c993a227640b00f106529,Abvida-M 50/1000 Eazy Glide Tablet SR,11,2794.44,0,0.0,11,2794.44
6a6c993a227640b00f10639e,Alkof LS Syrup,28,2772.0,0,0.0,28,2772.0
6a6c993a227640b00f10663f,A-Win 5 Injection,11,2750.0,0,0.0,11,2750.0
6a6d96295baa8e1afb22b87e,Eglucent Mix 25 100IU/ml Suspension for Injection,3,2700.0,0,0.0,3,2700.0
6a6d96275baa8e1afb22b504,Apidra Solostar 100IU/ml Injection,3,2641.08,0,0.0,3,2641.08
6a4e41d43e06d1bc60415ab1,Abetrol 20mg Tablet,45,2520.0,0,0.0,45,2520.0
6a6c993a227640b00f106432,Alsartan AM Tablet,37,2516.0,0,0.0,37,2516.0
6a6d96295baa8e1afb22b8c2,Suncros Soft 2% Cream,3,2397.0,0,0.0,3,2397.0
6a6d96275baa8e1afb22b4a8,Apidra 100IU Cartridge,3,2283.0,0,0.0,3,2283.0
6a6c993a227640b00f1064b1,Ablif LB 200mg Tablet,13,2275.0,0,0.0,13,2275.0
6a6c993a227640b00f1065c3,Absoz 40 Tablet,20,2200.0,0,0.0,20,2200.0
6a6c993a227640b00f10658a,Acevilda M 500mg/50mg Tablet,20,2160.0,0,0.0,20,2160.0
6a6c993a227640b00f106317,ATM 500 Tablet,15,1985.7,0,0.0,15,1985.7
6a6c993a227640b00f1065e4,Acaldo Capsule,10,1850.0,0,0.0,10,1850.0
6a6c993a227640b00f1064d7,AB-Rozu 20 Tablet,8,1798.96,0,0.0,8,1798.96
6a6c993a227640b00f106456,Abvida-M 50mg/1000mg Eazy Glide Tablet,7,1778.28,0,0.0,7,1778.28
6a6c993a227640b00f10663b,Agradine Scrub,5,1750.0,0,0.0,5,1750.0
6a6c993a227640b00f106427,Aciban DSR Capsule,12,1698.0,0,0.0,12,1698.0
6a6c993a227640b00f1063bf,Afoglip M  1000 Tablet ER,6,1604.1,0,0.0,6,1604.1
6a6c993a227640b00f10630e,Acuvin Tablet,7,1593.62,0,0.0,7,1593.62
6a6c993a227640b00f1063e2,Abixim O Tablet,6,1591.68,0,0.0,6,1591.68
6a6c993a227640b00f1063de,Amaryl 4mg Tablet,4,1588.0,0,0.0,4,1588.0
6a6c993a227640b00f10638c,ATM 250 Tablet,13,1540.5,0,0.0,13,1540.5
6a6d96275baa8e1afb22b535,Apidra 100IU/ml Solution for Injection,1,1534.0,0,0.0,1,1534.0
6a6c993a227640b00f10664b,Albofer 100mg Injection,6,1530.0,0,0.0,6,1530.0
6a6c993a227640b00f1063fb,Abvida-M 50/500 Eazy Glide Tablet SR,7,1524.25,0,0.0,7,1524.25
6a6c993a227640b00f106363,Adtrol XT Tablet,5,1513.5,0,0.0,5,1513.5
6a6c993a227640b00f1063f3,Abvida 100mg Tablet SR,7,1501.36,0,0.0,7,1501.36
6a6c993a227640b00f106527,Allocid 20 Tablet,12,1500.0,0,0.0,12,1500.0
6a6c993a227640b00f10660e,Aftron S 100 Injection,6,1500.0,0,0.0,6,1500.0
6a6c993a227640b00f1064bf,Abixim CV 200mg/125mg Tablet,6,1491.18,0,0.0,6,1491.18
6a6c993a227640b00f106480,Afineday Tablet,7,1491.0,0,0.0,7,1491.0
6a6c993a227640b00f1063d3,Abvida 50mg Tablet,8,1451.68,0,0.0,8,1451.68
6a6c993a227640b00f1063bc,Allercet-L Tablet,24,1416.0,0,0.0,24,1416.0
6a6c993b227640b00f10671b,Folizee 5mg Tablet,14,1372.0,0,0.0,14,1372.0
6a6d96275baa8e1afb22b65e,AB-Rozu 20 Tablet,6,1349.22,0,0.0,6,1349.22
6a6c993a227640b00f10637e,Afoglip M  500 Tablet ER,6,1304.58,0,0.0,6,1304.58
6a6c993a227640b00f1064e2,Abcef O 200mg/200mg Tablet,11,1292.39,0,0.0,11,1292.39
6a6c993a227640b00f10644e,Acbro 3D 10mg/120mg/200mg Tablet SR,10,1253.0,0,0.0,10,1253.0
6a6c993a227640b00f10636c,Acceclowoc-SP Tablet,10,1211.0,0,0.0,10,1211.0
6a6c993a227640b00f10637b,Amaryl M Forte 1mg Tablet PR,7,1183.28,0,0.0,7,1183.28
6a6c993a227640b00f106340,Amaryl MV 1mg Tablet SR,7,1178.73,0,0.0,7,1178.73
6a6c993a227640b00f106349,Allercet-M Tablet,11,1170.4,0,0.0,11,1170.4
6a6c993a227640b00f10649f,Almocef 200mg Tablet,11,1166.0,0,0.0,11,1166.0
6a6c993a227640b00f106311,Advent Forte 457mg Syrup Tangy Orange,6,1162.44,0,0.0,6,1162.44
6a6c993a227640b00f1063d1,Acton-OR Plus+ Tablet,7,1154.3,0,0.0,7,1154.3
6a6c993a227640b00f106568,Acvilda-M 500mg/50mg Tablet,25,1150.0,0,0.0,25,1150.0
6a6d96295baa8e1afb22b88e,Eglucent Mix 50 Kwikpen 100IU/ml,1,1131.0,0,0.0,1,1131.0
6a6c993a227640b00f10637c,ATM 200 Oral Suspension,19,1091.74,0,0.0,19,1091.74
6a6c993a227640b00f1064e8,Abzorb Syndet Bar,8,1054.0,0,0.0,8,1054.0
6a6d96295baa8e1afb22b885,Eglucent Mix 25 Kwikpen 100IU/ml,1,1029.0,0,0.0,1,1029.0
6a6d96285baa8e1afb22b7ed,Basaglar 100IU/ml Kwikpen,1,1028.0,0,0.0,1,1028.0
6a6c993a227640b00f106622,Alferon XT 20mg Injection,5,1025.0,0,0.0,5,1025.0
6a6c993a227640b00f1063c7,AT SP Tablet,16,992.0,0,0.0,16,992.0
6a6c993a227640b00f106520,Airise 60k Softgel Capsule,8,992.0,0,0.0,8,992.0
6a6c993a227640b00f106459,Allerde M Tablet,6,983.4,0,0.0,6,983.4
6a6c993a227640b00f106549,Adorcal-CC Tablet,4,960.0,0,0.0,4,960.0
6a6c993a227640b00f10661e,Adzobact 2% Ointment,6,960.0,0,0.0,6,960.0
6a6c993a227640b00f10630f,Air-M Tablet,13,897.0,0,0.0,13,897.0
6a6c993a227640b00f10659b,Achol-D3 Softgel Capsule,6,881.34,0,0.0,6,881.34
6a6c993a227640b00f10661a,Allerpar Tablet,33,877.8,0,0.0,33,877.8
6a6c993a227640b00f1063be,Alorti Tablet,13,832.0,0,0.0,13,832.0
6a6c993a227640b00f106436,Allerde 5mg Tablet,11,822.8,0,0.0,11,822.8
6a6d96285baa8e1afb22b82f,Boost-CEE Injection,1,799.2,0,0.0,1,799.2
6a6c993a227640b00f10643d,Actidol-DP Tablet,7,785.4,0,0.0,7,785.4
6a6c993a227640b00f106487,Afix 200mg Tablet,6,777.0,0,0.0,6,777.0
6a6c993a227640b00f1065b4,Actiglipt M 1000mg/20mg Tablet,7,767.55,0,0.0,7,767.55
6a6c993a227640b00f1065bf,A Fresh Mouth Wash,18,756.0,0,0.0,18,756.0
6a6c993a227640b00f10639c,Abixim 200mg Tablet,7,733.95,0,0.0,7,733.95
6a6d96275baa8e1afb22b57a,Abvida 100mg Tablet SR,4,729.24,0,0.0,4,729.24
6a6c993a227640b00f1065a8,Abetabact Ointment,5,725.0,0,0.0,5,725.0
6a6c993a227640b00f106383,Acceclowoc-P Tablet,12,721.08,0,0.0,12,721.08
6a6c993a227640b00f106320,Ace-Proxyvon CR Tablet,5,716.25,0,0.0,5,716.25
6a6c993a227640b00f10654e,Acevilda 50mg Tablet,7,700.0,0,0.0,7,700.0
6a6d96275baa8e1afb22b51a,Aztor 80 Tablet,1,699.0,0,0.0,1,699.0
6a6c993a227640b00f106519,Advog M 0.2 Plus Tablet,7,685.44,0,0.0,7,685.44
6a6c993a227640b00f106462,Advog M 0.3 Plus Tablet,6,677.76,0,0.0,6,677.76
6a6c993a227640b00f1063a8,Alaspan AG Syrup,5,670.0,0,0.0,5,670.0
6a6d96285baa8e1afb22b7e6,Basaglar 100 Units/ml Cartridge,1,665.0,0,0.0,1,665.0
6a6c993a227640b00f1064c2,Absopan 40mg Tablet,12,648.0,0,0.0,12,648.0
6a6c993a227640b00f1064da,Acethama-FM Tablet SR,3,645.0,0,0.0,3,645.0
6a6d96285baa8e1afb22b808,Bactorub Antiseptic Solution,1,630.0,0,0.0,1,630.0
6a6c993a227640b00f10646c,Actiglipt M 500mg/20mg Tablet,5,610.0,0,0.0,5,610.0
6a6c993a227640b00f1063f1,Aciban 20 Tablet,15,607.5,0,0.0,15,607.5
6a6c993a227640b00f1064ca,Advog M 0.2 Tablet SR,6,587.52,0,0.0,6,587.52
6a6c993a227640b00f1063e4,Aciban 40 Tablet,8,584.8,0,0.0,8,584.8
6a5c8bb9c7a06fb7b983d501,Abetabact Ointment,4,580.0,0,0.0,4,580.0
6a6c993a227640b00f10634e,Actrapid 100 IU/ml Flexpen,1,569.8,0,0.0,1,569.8
6a6c993a227640b00f10653e,Agelite-LS Syrup,6,569.4,0,0.0,6,569.4
6a6c993a227640b00f106598,Ag-Bact Ointment,6,555.0,0,0.0,6,555.0
6a6c993a227640b00f1064f9,Alexza Tablet,8,544.0,0,0.0,8,544.0
6a6c993a227640b00f1064f1,Alpan 40mg Tablet,10,540.0,0,0.0,10,540.0
6a6c993a227640b00f1063d0,Aciloc Only Oral Liquid,4,535.92,0,0.0,4,535.92
6a6c993a227640b00f1064e5,Amaze 20mg Capsule,7,532.0,0,0.0,7,532.0
6a6c993a227640b00f10641c,AF -C Dusting Powder,6,522.0,0,0.0,6,522.0
6a6c993a227640b00f1065b0,Abdine Ointment,7,504.0,0,0.0,7,504.0
6a69bc2e73e71273db78b798,A-Win 5 Injection,2,500.0,0,0.0,2,500.0
6a6c993a227640b00f106488,Actorab-D Capsule SR,7,490.0,0,0.0,7,490.0
6a6c993a227640b00f1065a7,Abetrol 20mg Tablet,7,490.0,0,0.0,7,490.0
6a6c993a227640b00f106477,A Doxid L 100mg Capsule,8,480.0,0,0.0,8,480.0
6a6c993a227640b00f10635f,Aerocort Forte Rotacap,5,475.8,0,0.0,5,475.8
6a6c993a227640b00f1064df,Abzorb 1% Cream,5,472.5,0,0.0,5,472.5
6a6c993a227640b00f10637a,Alcet 5mg Tablet,5,455.0,0,0.0,5,455.0
6a6c993a227640b00f10643e,Alsartan 50 Tablet,6,453.0,0,0.0,6,453.0
6a6c993a227640b00f106350,Aerodil SF Expectorant,5,444.4,0,0.0,5,444.4
6a6c993a227640b00f106372,Amaryl 3mg Tablet,1,438.43,0,0.0,1,438.43
6a6c993a227640b00f1062fa,Ace Proxyvon Tablet,6,435.0,0,0.0,6,435.0
6a6c993a227640b00f106563,Acrolax-LS Syrup,6,414.0,0,0.0,6,414.0
6a6c993a227640b00f1064a6,Activa Plus Tablet,14,413.84,0,0.0,14,413.84
6a6c993a227640b00f10647e,Activa 50mg Tablet,6,409.2,0,0.0,6,409.2
6a6c993a227640b00f1064b4,Alcipro 250mg Tablet,17,395.76,0,0.0,17,395.76
6a6c993a227640b00f106521,Actinic D3 Nano Shots (5ml Each) Orange Flavour Sugar Free,5,395.0,0,0.0,5,395.0
6a6c993a227640b00f106463,Allercet Paed 5mg Tablet,13,380.25,0,0.0,13,380.25
6a6c993a227640b00f106584,Alvirab 20mg Tablet,7,378.0,0,0.0,7,378.0
6a6c993a227640b00f1064ac,Acdof 40mg Injection,9,371.07,0,0.0,9,371.07
6a6c993a227640b00f10640b,Allrite Tablet,5,361.9,0,0.0,5,361.9
6a6c993a227640b00f10646f,Admol Drop,6,360.84,0,0.0,6,360.84
6a6c993a227640b00f1065ae,Acirox 500mg Tablet,6,354.0,0,0.0,6,354.0
6a6c993a227640b00f106557,Acipause 20mg Tablet,6,342.0,0,0.0,6,342.0
6a6c993a227640b00f10644d,Act Syrup,6,340.8,0,0.0,6,340.8
6a6c993a227640b00f1063f9,Allerzine L 5mg Tablet,12,334.8,0,0.0,12,334.8
6a6c993a227640b00f1064db,Actopan 40mg Tablet,5,327.0,0,0.0,5,327.0
6a6c993a227640b00f106481,Acipan 40mg Tablet,6,324.0,0,0.0,6,324.0
6a6c993a227640b00f1063f7,Alkem Cold Suspension,6,318.0,0,0.0,6,318.0
6a6c993a227640b00f106532,Actorab 20 Tablet,7,315.0,0,0.0,7,315.0
6a6c993a227640b00f1063ed,Alergin Cold Total Tablet,6,309.0,0,0.0,6,309.0
6a6c993a227640b00f1062d8,Aciloc RD 20 Tablet,4,308.0,0,0.0,4,308.0
6a6c993a227640b00f106304,Acton-OR Tablet SR,6,303.3,0,0.0,6,303.3
6a6c993a227640b00f106318,Actrapid HM 100IU/ml Penfill,1,280.72,0,0.0,1,280.72
6a6c993a227640b00f106588,Albodyne M Ointment,4,280.0,0,0.0,4,280.0
6a6c993a227640b00f10663a,Adwiron Injection,1,279.9,0,0.0,1,279.9
6a6c993a227640b00f1064ba,Aboros 20mg Tablet,1,275.0,0,0.0,1,275.0
6a6c993a227640b00f1062f1,Aerocort Inhaler,1,273.77,0,0.0,1,273.77
6a6c993a227640b00f1063d6,Alciflox D Eye/Ear Drops,6,270.0,0,0.0,6,270.0
6a6c993a227640b00f106614,Adcob 100mg Injection,1,266.0,0,0.0,1,266.0
6a6c993a227640b00f10656f,Acutus-LS Syrup,3,264.0,0,0.0,3,264.0
6a6c993a227640b00f106316,Alerfix Total Tablet SR,1,262.02,0,0.0,1,262.02
6a6c993a227640b00f10641a,Ace Tablet,6,258.0,0,0.0,6,258.0
6a6c993a227640b00f1064f6,Abcid 20mg Capsule,7,253.75,0,0.0,7,253.75
6a6c993a227640b00f10664e,Afcorbate S 100mg Injection,1,252.0,0,0.0,1,252.0
6a68c81732c2d962d22f9954,A-Win 5 Injection,1,250.0,0,0.0,1,250.0
6a6c993a227640b00f106580,Acitec 20mg Capsule,3,240.0,0,0.0,3,240.0
6a6c993a227640b00f106572,Altodin 10mg Tablet,6,237.6,0,0.0,6,237.6
6a6c993b227640b00f10671f,Folera Tablet,5,234.25,0,0.0,5,234.25
6a6c993a227640b00f10659c,Acerab 20mg Tablet,3,234.0,0,0.0,3,234.0
6a6c993a227640b00f1065a0,Acvilda 50mg Tablet,6,234.0,0,0.0,6,234.0
6a6c993a227640b00f1065ab,Afon 4mg Tablet MD,6,234.0,0,0.0,6,234.0
6a6c993a227640b00f106537,Acip 500mg Tablet,4,232.0,0,0.0,4,232.0
6a6c993a227640b00f106601,Adron-Kid Oral Solution,7,231.0,0,0.0,7,231.0
6a6c993a227640b00f1063aa,Acegrow 3D Tablet,1,231.0,0,0.0,1,231.0
6a6c993a227640b00f10648e,Abnex Forte 10mg/120mg/200mg Tablet,1,230.0,0,0.0,1,230.0
6a6c993a227640b00f1065d1,Acep 500mg Tablet,4,223.2,0,0.0,4,223.2
6a6c993a227640b00f106644,Aktirose 20mg Injection,1,222.0,0,0.0,1,222.0
6a6c993a227640b00f106501,Alfapsin D 50mg/50000IU Tablet,5,221.9,0,0.0,5,221.9
6a6c993a227640b00f106573,APD Capsule,6,216.0,0,0.0,6,216.0
6a6c993a227640b00f1064d2,Acephyl-FM Tablet,1,215.0,0,0.0,1,215.0
6a6c993a227640b00f1065a5,Acerab 10mg Tablet,4,210.8,0,0.0,4,210.8
6a6c993a227640b00f106558,Abex 20mg Tablet,5,207.5,0,0.0,5,207.5
6a6c993a227640b00f106476,Accurate 10 mg/150 mg Tablet,11,205.81,0,0.0,11,205.81
6a6c993a227640b00f1065f9,Alcibard Forte Tablet,7,203.0,0,0.0,7,203.0
6a6c993a227640b00f106445,Altram Tablet,5,199.9,0,0.0,5,199.9
6a6c993a227640b00f106411,Abmont 3D 10mg/120mg/200mg Tablet,1,199.0,0,0.0,1,199.0
6a5cd6107f249d5ceaac91b3,Asthalin Respirator Solution,15,196.5,0,0.0,15,196.5
6a6c993a227640b00f1065fa,A Tron 4mg Tablet MD,4,196.0,0,0.0,4,196.0
6a6c993a227640b00f106375,Acimol MR 100mg/325mg/250mg Tablet,3,195.0,0,0.0,3,195.0
6a6c993a227640b00f106403,Advastat CV 10 Capsule,1,191.0,0,0.0,1,191.0
6a6c993a227640b00f106498,Almetfor 500mg Tablet,7,187.88,0,0.0,7,187.88
6a6c993a227640b00f106595,Adcov 50mg Injection,1,187.5,0,0.0,1,187.5
6a6c993a227640b00f1064d5,Acef 200mg Tablet,1,185.0,0,0.0,1,185.0
6a6c993a227640b00f10642e,A Doxid 100mg Capsule,7,184.1,0,0.0,7,184.1
6a6c993a227640b00f1065d0,Adron 4 Tablet MD,4,184.0,0,0.0,4,184.0
6a69bc2e73e71273db78b64b,AL-D3 Soft Gelatin Capsule,3,183.6,0,0.0,3,183.6
6a6c993a227640b00f106596,AD Fun 1% Cream,12,180.0,0,0.0,12,180.0
6a69bc2e73e71273db78b71c,Absoz 40 Tablet,2,176.0,0,0.0,2,176.0
6a6c993a227640b00f106539,Actiflam Plus Tablet,7,175.0,0,0.0,7,175.0
6a6c993a227640b00f1065eb,Alfadox 100mg Capsule,5,175.0,0,0.0,5,175.0
6a6c993a227640b00f106391,Acimol 100 mg/325 mg Tablet,5,175.0,0,0.0,5,175.0
6a6c993a227640b00f106484,Acebronk MFX 10mg/120mg/200mg Tablet,1,175.0,0,0.0,1,175.0
6a6c993a227640b00f106441,AFM Tablet,1,170.0,0,0.0,1,170.0
6a6c993a227640b00f1064ab,Alt-FM Tablet,1,169.4,0,0.0,1,169.4
6a6c993a227640b00f1063cf,ACTION OR 1000mg Tablet,4,169.2,0,0.0,4,169.2
6a6c993a227640b00f106624,Aanid Ointment,7,168.0,0,0.0,7,168.0
6a5cee8272dac9c3566f7845,Candid Gold Cream,1,163.52,0,0.0,1,163.52
6a6c993a227640b00f106413,Allerone-M Tablet,1,155.1,0,0.0,1,155.1
6a6c993a227640b00f1063b7,Allerkast LC Tablet,1,148.5,0,0.0,1,148.5
6a6c993a227640b00f106452,Alergard-M Tablet,1,147.62,0,0.0,1,147.62
6a69bc2e73e71273db78b6f4,Achol-D3 Softgel Capsule,1,146.89,0,0.0,1,146.89
6a69bc2e73e71273db78b580,Aciban DSR Capsule,1,141.5,0,0.0,1,141.5
6a6c993a227640b00f106509,Adrovit Z Syrup,4,136.6,0,0.0,4,136.6
6a6c993a227640b00f10636a,Akilos-P Tablet,6,136.2,0,0.0,6,136.2
6a6c993a227640b00f10651a,Adox Tablet,1,135.0,0,0.0,1,135.0
6a6c993a227640b00f1064d9,Albutamol Plus Syrup,2,130.78,0,0.0,2,130.78
6a61fd28e9316deef62fb5f6,Abetabact Ointment,1,130.5,0,0.0,1,130.5
6a6c993a227640b00f106619,Abufen-C Tablet,10,130.0,0,0.0,10,130.0
6a69bc2e73e71273db78b73d,Acaldo Capsule,1,129.5,0,0.0,1,129.5
6a6718ca24aa0435693ffedd,AFM Tablet,1,127.5,0,0.0,1,127.5
6a6c993a227640b00f10659a,Allmet 500mg Tablet SR,5,125.0,0,0.0,5,125.0
6a6c993a227640b00f10658d,Aciflux 20 mg/150 mg Capsule,1,124.16,0,0.0,1,124.16
6a6c993a227640b00f1064be,AIG D 10mg/20mg Capsule,3,122.4,0,0.0,3,122.4
6a6c993a227640b00f1064b2,Admol 250 DT Tablet,6,120.0,0,0.0,6,120.0
6a69bc2e73e71273db78b4a8,Acera-D Capsule SR,1,118.45,0,0.0,1,118.45
6a6c993a227640b00f10634f,Acera-D Capsule SR,1,118.45,0,0.0,1,118.45
6a6c993a227640b00f10631d,Almox-CV 625 Tablet,1,116.51,0,0.0,1,116.51
6a6c993a227640b00f1062fd,Acemiz-S Tablet,1,115.44,0,0.0,1,115.44
6a69bc2e73e71273db78b621,AB-Rozu 10 Tablet,1,115.28,0,0.0,1,115.28
6a6c993a227640b00f1063b9,Aerodil-LS Expectorant,1,114.9,0,0.0,1,114.9
6a6c993a227640b00f10650d,Advog M 0.3 Tablet SR,1,114.1,0,0.0,1,114.1
6a6c993a227640b00f106356,Alex Cough Lozenges Sugar Free,1,111.0,0,0.0,1,111.0
6a6c993a227640b00f106615,ACHOPHEN 400MG/325MG TABLET,12,106.44,0,0.0,12,106.44
6a5cee8072dac9c3566f745d,Asthalin Respules,15,106.05,0,0.0,15,106.05
6a6c993a227640b00f106377,Acenac SP 100mg/325mg/15mg Tablet,1,101.0,0,0.0,1,101.0
6a5b3f675aff139e8e114812,ATM 250 Tablet,1,100.73,0,0.0,1,100.73
6a6c993a227640b00f106421,ASA 50mg Tablet,27,99.9,0,0.0,27,99.9
6a6c993a227640b00f1062f0,Acemiz -MR Tablet,1,99.5,0,0.0,1,99.5
6a6c993a227640b00f1062e0,Acemiz Plus Tablet,1,99.5,0,0.0,1,99.5
6a69bc2e73e71273db78b641,Abzorb Syndet Bar,1,98.81,0,0.0,1,98.81
6a6c993a227640b00f1064e7,Adoxa LB Tablet,1,97.0,0,0.0,1,97.0
6a6c993a227640b00f10640f,Adine-Plus Tablet,1,96.2,0,0.0,1,96.2
6a6c993a227640b00f106515,Adicid 40 Tablet,1,95.0,0,0.0,1,95.0
6a69bc2e73e71273db78b638,Abzorb 1% Cream,1,94.5,0,0.0,1,94.5
6a6c993a227640b00f106412,Altax-O 200 Tablet DT,1,94.17,0,0.0,1,94.17
6a6c993a227640b00f106471,Admol 650 Tablet DT,4,91.4,0,0.0,4,91.4
6a6c993a227640b00f1062e1,Aceclo Plus Tablet,1,90.85,0,0.0,1,90.85
6a69bc2e73e71273db78b548,Acera 20 Capsule,1,90.65,0,0.0,1,90.65
6a6c993a227640b00f1064a2,Almont FX 10mg/120mg Tablet,1,90.0,0,0.0,1,90.0
6a6c993a227640b00f106429,Aldo TL 40 mg/5 mg Tablet,1,89.5,0,0.0,1,89.5
6a61fd28e9316deef62fb3ea,Abixim 200mg Tablet,1,89.12,0,0.0,1,89.12
6a6c993a227640b00f1064e3,Alencef 200mg Tablet DT,1,89.0,0,0.0,1,89.0
6a6c993a227640b00f106639,Acvlglip 50 Tablet,1,89.0,0,0.0,1,89.0
6a6c993a227640b00f106621,Aldine 10% Ointment,1,89.0,0,0.0,1,89.0
6a69bc2e73e71273db78b575,AF -C Dusting Powder,1,87.0,0,0.0,1,87.0
6a6c993a227640b00f10656c,Actozinc Syrup,1,85.0,0,0.0,1,85.0
6a6c993a227640b00f106418,Alerab-DSR Capsule,1,85.0,0,0.0,1,85.0
6a5cee8172dac9c3566f7739,A Fresh Mouth Wash,0,0.0,2,84.0,2,84.0
6a6c993a227640b00f1064cc,Aerozest 50mcg Inhaler,1,82.9,0,0.0,1,82.9
6a6c993a227640b00f1062e8,AF Kit Tablet,1,82.5,0,0.0,1,82.5
6a4e41d43e06d1bc604157f2,AF Kit Tablet,1,82.5,0,0.0,1,82.5
6a6c993a227640b00f10641b,Akme CT 10 Tablet,5,82.5,0,0.0,5,82.5
6a69bc2e73e71273db78b620,Acicheck D Capsule SR,1,82.45,0,0.0,1,82.45
6a6c993a227640b00f1063ef,Acera 20 Capsule,1,81.59,0,0.0,1,81.59
6a6c993a227640b00f1064ff,Aedit EP Soap,1,81.0,0,0.0,1,81.0
6a6c993a227640b00f10658c,Acease 20mg Tablet,1,80.0,0,0.0,1,80.0
6a6c993a227640b00f10655d,Ambrodex L Syrup,1,80.0,0,0.0,1,80.0
6a6c993a227640b00f106510,Acidoseal 40mg Tablet,1,80.0,0,0.0,1,80.0
6a6c993a227640b00f1064f3,Adyom 40mg Tablet,1,80.0,0,0.0,1,80.0
6a69bc2e73e71273db78b6e5,Acease 20mg Tablet,1,80.0,0,0.0,1,80.0
6a6c993a227640b00f106511,Acirab 20mg Tablet,2,79.8,0,0.0,2,79.8
6a6c993a227640b00f1062fb,Aceclo-MR Tablet,1,79.79,0,0.0,1,79.79
6a6c993a227640b00f106460,Acolate M Tablet,1,79.0,0,0.0,1,79.0
6a6c993a227640b00f1065e2,Adgril Tablet,1,77.5,0,0.0,1,77.5
6a6c993a227640b00f106358,Aceclo SR Tablet,1,77.3,0,0.0,1,77.3
6a6c993a227640b00f1065ca,Adbrox LS Syrup,1,75.0,0,0.0,1,75.0
6a6c993a227640b00f10664c,Afdipovidone N Ointment,6,75.0,0,0.0,6,75.0
6a6c993a227640b00f106504,Alcin TZ 500mg/600mg Tablet,1,75.0,0,0.0,1,75.0
6a6c993a227640b00f1065c9,Adflox OZ Tablet,1,74.25,0,0.0,1,74.25
6a5cd6107f249d5ceaac9479,A Tron 4mg Tablet MD,2,73.5,0,0.0,2,73.5
6a69bc2e73e71273db78b53d,Aciban 40 Tablet,1,73.1,0,0.0,1,73.1
6a6c993a227640b00f106440,Alday Duo 5mg/10mg Tablet,1,72.5,0,0.0,1,72.5
6a6c993a227640b00f1064a7,Akme Clobetacon-GM Skin Cream,1,72.5,0,0.0,1,72.5
6a6c993a227640b00f1064ed,Alentra 40mg Tablet,1,72.45,0,0.0,1,72.45
6a6c993a227640b00f106409,Alday Kid Syrup,1,72.0,0,0.0,1,72.0
6a6c993a227640b00f1064f2,AL-D3 Soft Gelatin Capsule,1,72.0,0,0.0,1,72.0
6a69bc2e73e71273db78b709,Abdine Ointment,1,72.0,0,0.0,1,72.0
6a5c9971bc4fb04a474cec4d,APD Capsule,0,0.0,2,72.0,2,72.0
6a6c993a227640b00f1064b9,Aclizac 75mg Tablet,1,70.63,0,0.0,1,70.63
6a6c993a227640b00f106594,Acicheck 20mg Tablet,1,70.0,0,0.0,1,70.0
6a6c993a227640b00f10656d,Aktilor 5mg Tablet,1,70.0,0,0.0,1,70.0
6a6c993a227640b00f106470,Acefenac SP Tablet,1,70.0,0,0.0,1,70.0
6a69bc2e73e71273db78b700,Abetrol 20mg Tablet,1,70.0,0,0.0,1,70.0
6a69bc2e73e71273db78b5c9,Acefenac SP Tablet,1,70.0,0,0.0,1,70.0
6a69bc2e73e71273db78b6ed,Acicheck 20mg Tablet,1,70.0,0,0.0,1,70.0
6a6c993a227640b00f1062f3,Ambrodil Syrup,1,69.75,0,0.0,1,69.75
6a6c993a227640b00f1065b9,Actimol F Tablet,5,69.0,0,0.0,5,69.0
6a6c993a227640b00f1065b1,Acizo 20mg Tablet,1,69.0,0,0.0,1,69.0
6a6c993a227640b00f1064c7,Acicheck D Capsule SR,1,67.9,0,0.0,1,67.9
6a69bc2e73e71273db78b6f5,Acerab 20mg Tablet,1,66.3,0,0.0,1,66.3
6a6c993a227640b00f106410,Alenix 10mg Tablet,1,66.0,0,0.0,1,66.0
6a6c993a227640b00f106586,Adblock LH 50mg/5mg/12.5mg Tablet,1,65.0,0,0.0,1,65.0
6a6c993a227640b00f10662a,Adzocal Tablet,1,65.0,0,0.0,1,65.0
6a6c993a227640b00f10652b,Acidcut Tablet,1,65.0,0,0.0,1,65.0
6a69bc2e73e71273db78b626,Acicare 40mg Tablet,1,65.0,0,0.0,1,65.0
6a6c993a227640b00f1064cd,Acicare 40mg Tablet,1,65.0,0,0.0,1,65.0
6a69bc2e73e71273db78b684,Acidcut Tablet,1,65.0,0,0.0,1,65.0
6a69bc2e73e71273db78b6cc,APD Capsule,2,64.8,0,0.0,2,64.8
6a6c993a227640b00f1065d6,Amborxel-LS Syrup,1,64.0,0,0.0,1,64.0
6a69bc2e73e71273db78b6fe,Acerab 10mg Tablet,1,62.0,0,0.0,1,62.0
6a6c993a227640b00f106401,Adoxy LB Capsule,1,62.0,0,0.0,1,62.0
6a6c993a227640b00f1062f8,Acenac-P  Tablet,1,61.0,0,0.0,1,61.0
6a6c993a227640b00f106512,Acipro 500mg Tablet,1,60.3,0,0.0,1,60.3
6a6c993a227640b00f106517,Aciden 40mg Tablet,1,60.0,0,0.0,1,60.0
6a5c9971bc4fb04a474ceb51,A Doxid L 100mg Capsule,0,0.0,1,60.0,1,60.0
6a6c993a227640b00f106489,Alde 5mg Tablet,1,59.75,0,0.0,1,59.75
6a69bc2e73e71273db78b528,ACTION OR 1000mg Tablet,2,59.22,0,0.0,2,59.22
6a6c993a227640b00f1065cf,Aerotide 200 mcg/100 mcg Inhaler,1,59.2,0,0.0,1,59.2
6a6c993a227640b00f106541,Agile 50 mg/500 mg Tablet,4,59.12,0,0.0,4,59.12
6a6c993a227640b00f106371,Aceflam P 100mg/325mg Tablet,1,58.25,0,0.0,1,58.25
6a6c993a227640b00f10642a,Alsera D 50 mg/10 mg Tablet,1,58.0,0,0.0,1,58.0
6a6c993a227640b00f106323,Acenext P 100mg/325mg Tablet,1,58.0,0,0.0,1,58.0
6a6c993b227640b00f10671d,Folimac 5mg Tablet,5,57.5,0,0.0,5,57.5
6a6c993a227640b00f10662f,Adiwill Tablet,1,55.0,0,0.0,1,55.0
6a69bc2e73e71273db78b61b,Absopan 40mg Tablet,1,54.0,0,0.0,1,54.0
6a6c993a227640b00f10659f,Alodyne Ointment,1,54.0,0,0.0,1,54.0
6a6c993a227640b00f10634d,Aceclo Tablet,1,52.55,0,0.0,1,52.55
6a6c993a227640b00f1063c1,Acolate P Plus Tablet,1,52.0,0,0.0,1,52.0
6a6c993a227640b00f106380,Acolate Plus Tablet,1,52.0,0,0.0,1,52.0
6a6c993a227640b00f1064ce,Actimol 50 mg/500 mg Tablet,5,50.5,0,0.0,5,50.5
6a6c993a227640b00f10643a,Admol 1g Tablet SR,1,50.0,0,0.0,1,50.0
6a6c993a227640b00f1062f9,Aciloc 300 Tablet,1,50.0,0,0.0,1,50.0
6a6c993a227640b00f106439,Alday AM Tablet SR,1,48.48,0,0.0,1,48.48
6a6c993a227640b00f10649e,Alorex Cream,1,48.28,0,0.0,1,48.28
6a6c993a227640b00f1064ec,Acebid SP Tablet,1,48.1,0,0.0,1,48.1
6a69bc2e73e71273db78b617,AIG D 10mg/20mg Capsule,1,48.0,0,0.0,1,48.0
6a6c993a227640b00f10643f,Alrgee M 10mg/120mg Tablet,1,47.62,0,0.0,1,47.62
6a6c993a227640b00f1065d3,Adplatt 75mg Tablet,1,46.33,0,0.0,1,46.33
6a6c993a227640b00f1065c4,Acidom 150mg Syrup,1,46.18,0,0.0,1,46.18
6a6c993a227640b00f1063d2,Albutamol Plus Tablet,1,46.16,0,0.0,1,46.16
6a6c993a227640b00f10652e,Adidox 100mg Capsule,1,46.0,0,0.0,1,46.0
6a69bc2f73e71273db78b879,Fregam B12 Injection,1,44.1,0,0.0,1,44.1
6a6d96275baa8e1afb22b645,AIG D 10mg/20mg Capsule,1,43.2,0,0.0,1,43.2
6a69bc2e73e71273db78b573,Ace Tablet,1,43.0,0,0.0,1,43.0
6a6c993a227640b00f10662d,Acibloc 150mg Tablet,6,42.96,0,0.0,6,42.96
6a6c993a227640b00f106465,Adol 200mg Tablet,1,42.43,0,0.0,1,42.43
6a69bc2e73e71273db78b718,A Fresh Mouth Wash,1,42.0,0,0.0,1,42.0
6a69bc2e73e71273db78b6b1,Abex 20mg Tablet,1,41.5,0,0.0,1,41.5
6a69bc2e73e71273db78b605,Acdof 40mg Injection,1,41.23,0,0.0,1,41.23
6a6c993a227640b00f1064c9,Above 5 Tablet,1,41.1,0,0.0,1,41.1
6a69bc2e73e71273db78b622,Above 5 Tablet,1,41.1,0,0.0,1,41.1
6a6c993a227640b00f1062d0,Aciloc 150 Tablet,1,40.94,0,0.0,1,40.94
6a6c993a227640b00f106566,Acorise-D3 Soft Gelatin Capsule,1,40.0,0,0.0,1,40.0
6a6c993a227640b00f106627,Accurate 25mg Injection,8,39.2,0,0.0,8,39.2
6a69bc2e73e71273db78b629,AIG 20mg Capsule,1,39.0,0,0.0,1,39.0
6a6c993a227640b00f1064d0,AIG 20mg Capsule,1,39.0,0,0.0,1,39.0
6a6c993a227640b00f1065e0,Acidof 20mg Capsule,1,39.0,0,0.0,1,39.0
6a6c993a227640b00f1064ae,Aclotil 75mg Tablet,1,37.95,0,0.0,1,37.95
6a6c993a227640b00f10654a,Allergesic 5mg Tablet,1,36.5,0,0.0,1,36.5
6a69bc2e73e71273db78b64f,Abcid 20mg Capsule,1,36.25,0,0.0,1,36.25
6a6c993a227640b00f10655a,Acicure 20mg Capsule,1,36.0,0,0.0,1,36.0
6a69bc2e73e71273db78b745,Acer 20mg Capsule,1,36.0,0,0.0,1,36.0
6a69bc2e73e71273db78b6b3,Acicure 20mg Capsule,1,36.0,0,0.0,1,36.0
6a6c993a227640b00f106483,Alerta D Tablet,1,36.0,0,0.0,1,36.0
6a6c993a227640b00f1065ec,Acer 20mg Capsule,1,36.0,0,0.0,1,36.0
6a6c993a227640b00f106555,ALFAM 400MG TABLET,6,35.58,0,0.0,6,35.58
6a6c993a227640b00f1065cb,Adoloc 20mg Capsule,1,35.0,0,0.0,1,35.0
6a6c993a227640b00f106551,Aldon 2mg Oral Drops,1,35.0,0,0.0,1,35.0
6a69bc2e73e71273db78b694,Acefen Gel,1,33.48,0,0.0,1,33.48
6a6c993a227640b00f106453,Acid 20 Capsule,1,33.0,0,0.0,1,33.0
6a69bc2e73e71273db78b5ac,Acid 20 Capsule,1,33.0,0,0.0,1,33.0
6a4c7b0ea8bca08626282925,APD Capsule,1,32.4,0,0.0,1,32.4
6a6c993a227640b00f1065a9,Aerozest 100mcg Rotacap,1,32.0,0,0.0,1,32.0
6a6c993a227640b00f10652c,Acio Insta Powder for Oral Suspension,4,32.0,0,0.0,4,32.0
6a4c7b0ea8bca08626282781,ACTION OR 1000mg Tablet,1,31.73,0,0.0,1,31.73
6a6c993a227640b00f1064fe,Ali M 500mg Tablet,3,31.5,0,0.0,3,31.5
6a6c993a227640b00f106466,Adiflam 1% Gel,1,31.45,0,0.0,1,31.45
6a6c993a227640b00f106646,Acrogyl 200mg/5ml Suspension,1,30.68,0,0.0,1,30.68
6a69bc2e73e71273db78b54a,Aciban 20 Tablet,1,30.38,0,0.0,1,30.38
6a6c993a227640b00f1063f2,Adiflam Plus Suspension,1,30.25,0,0.0,1,30.25
6a6c993a227640b00f10653b,Acefen Gel,1,30.13,0,0.0,1,30.13
6a6c993a227640b00f10650e,Activa P Tablet,5,29.05,0,0.0,5,29.05
6a6c993a227640b00f1064b3,Acefen 100 mg/125 mg Tablet,1,29.0,0,0.0,1,29.0
6a6c993a227640b00f1063d9,Aleva 5mg Tablet,1,29.0,0,0.0,1,29.0
6a69bc2e73e71273db78b60c,Acefen 100 mg/125 mg Tablet,1,29.0,0,0.0,1,29.0
6a6c993a227640b00f1065f0,Adzovit 12 Combipack Injection,1,28.0,0,0.0,1,28.0
6a6c993a227640b00f1063b1,Alkem Cold 5 mg/500 mg/5 mg Tablet,1,28.0,0,0.0,1,28.0
6a6c993a227640b00f106518,Acnedox-LB Capsule,1,28.0,0,0.0,1,28.0
6a66862499f85f390a7e2025,APD Capsule,1,27.0,0,0.0,1,27.0
6a6c993a227640b00f106617,Alset 2mg Syrup,1,27.0,0,0.0,1,27.0
6a5b3f685aff139e8e114a1c,AD Fun 1% Cream,2,25.5,0,0.0,2,25.5
6a6c993a227640b00f106335,Almox 250 Capsule,1,24.72,0,0.0,1,24.72
6a6c993a227640b00f106647,Aciba 25mg Injection,8,24.64,0,0.0,8,24.64
6a69bc2e73e71273db78b77d,Aanid Ointment,1,24.0,0,0.0,1,24.0
6a6c993a227640b00f1063db,Admol 650mg Tablet,1,22.85,0,0.0,1,22.85
6a6c993a227640b00f106438,Aeknil Injection,1,22.4,0,0.0,1,22.4
6a6c993a227640b00f1065dc,Alcid 20mg Capsule,1,22.05,0,0.0,1,22.05
6a6c993a227640b00f1062f5,Alerid Syrup,1,21.84,0,0.0,1,21.84
6a6c993a227640b00f1065ea,Aerodol 4mg Injection,1,21.0,0,0.0,1,21.0
6a6c993a227640b00f1062f6,Alerid Tablet,1,20.48,0,0.0,1,20.48
6a6c993a227640b00f1063cd,Adiflam Plus 400 mg/500 mg Tablet,1,19.5,0,0.0,1,19.5
6a6c993a227640b00f1065fe,Acrogyl DF 400mg/500mg Tablet,1,19.0,0,0.0,1,19.0
6a69bc2e73e71273db78b5cf,Accurate 10 mg/150 mg Tablet,1,18.71,0,0.0,1,18.71
6a6c993a227640b00f1065ac,Acitech 150mg Tablet,1,18.0,0,0.0,1,18.0
6a6c993a227640b00f106431,Admol Junior 125mg Tablet,1,17.33,0,0.0,1,17.33
6a6c993a227640b00f106482,Alexcet 10mg Tablet,1,16.68,0,0.0,1,16.68
6a6c993a227640b00f106606,Acidom O 4 mg/150 mg Tablet,1,16.33,0,0.0,1,16.33
6a6c993a227640b00f106451,Acimol 500mg Tablet,3,16.2,0,0.0,3,16.2
6a6c993a227640b00f106641,Aci Deject 50mg Injection,5,16.0,0,0.0,5,16.0
6a6c993a227640b00f10655e,A Nil Tablet,3,15.12,0,0.0,3,15.12
6a69bc2e73e71273db78b6ef,AD Fun 1% Cream,1,15.0,0,0.0,1,15.0
6a6c993a227640b00f106600,Aldezol 200mg Tablet,1,14.93,0,0.0,1,14.93
6a6c993a227640b00f106587,Aerotide Forte 400mcg/200mcg Diskette,1,14.57,0,0.0,1,14.57
6a6c993a227640b00f106638,Afdiloc Injection,6,14.16,0,0.0,6,14.16
6a6c993a227640b00f106590,Aerozest 0.31mg Respules (2.5 ml each),1,14.09,0,0.0,1,14.09
6a6c993a227640b00f106552,Ambiflam 400mg/500mg Tablet,1,13.0,0,0.0,1,13.0
6a69bc2e73e71273db78b795,Acibloc 300mg Tablet,1,12.75,0,0.0,1,12.75
6a6c993a227640b00f10663c,Acibloc 300mg Tablet,1,12.75,0,0.0,1,12.75
6a6c993a227640b00f1065a4,Aerotide Inhaler,1,11.12,0,0.0,1,11.12
6a6c993a227640b00f10645d,Amol 500mg Tablet,3,10.68,0,0.0,3,10.68
6a69bc2e73e71273db78b772,Abufen-C Tablet,1,9.75,0,0.0,1,9.75
6a5c9971bc4fb04a474ceb41,A Mol 650mg Tablet,0,0.0,1,9.0,1,9.0
6a69bc2e73e71273db78b5c0,A Mol 650mg Tablet,1,9.0,0,0.0,1,9.0
6a69bc2e73e71273db78b76e,ACHOPHEN 400MG/325MG TABLET,1,8.87,0,0.0,1,8.87
6a6d96285baa8e1afb22b79c,ACHOPHEN 400MG/325MG TABLET,1,8.87,0,0.0,1,8.87
6a6c993a227640b00f10657e,Aciflam 400mg/325mg Tablet,1,7.5,0,0.0,1,7.5
6a6c993a227640b00f106467,A Mol 650mg Tablet,1,7.2,0,0.0,1,7.2
6a69bc2e73e71273db78b786,Acibloc 150mg Tablet,1,7.16,0,0.0,1,7.16
6a6c993a227640b00f10643c,Adiflam 50mg Tablet,1,7.11,0,0.0,1,7.11
6a6c993a227640b00f106341,Aciloc Injection,1,6.03,0,0.0,1,6.03
6a69bc2e73e71273db78b6ae,ALFAM 400MG TABLET,1,5.93,0,0.0,1,5.93
6a6718ca24aa0435693ffffa,A Nil Tablet,1,5.38,0,0.0,1,5.38
6a69bc2e73e71273db78b780,Accurate 25mg Injection,1,4.17,0,0.0,1,4.17
6a61fd28e9316deef62fb46f,ASA 50mg Tablet,1,3.7,0,0.0,1,3.7
6a69bc2e73e71273db78b57a,ASA 50mg Tablet,1,3.7,0,0.0,1,3.7
6a6c993a227640b00f1063ff,Acetyl Salicylic Acid 50mg Tablet,1,3.27,0,0.0,1,3.27
6a69bc2e73e71273db78b558,Acetyl Salicylic Acid 50mg Tablet,1,3.27,0,0.0,1,3.27
6a69bc2e73e71273db78b79a,Aci Deject 50mg Injection,1,3.2,0,0.0,1,3.2
6a69bc2e73e71273db78b7a0,Aciba 25mg Injection,1,3.08,0,0.0,1,3.08
6a6c993a227640b00f10650f,Afdiloc 300mg Tablet,1,2.81,0,0.0,1,2.81
6a6c993a227640b00f1065fd,Aciflam Kid 100mg/125mg Tablet,1,1.6,0,0.0,1,1.6
